"weight","lat1","lng1","lat2","lng2"
1,38.98,-76.49,38.91,-77.02
0.845250554133325,47.04,-122.89,44.92,-123.02
0.790376545211341,42.34,-71.02,41.77,-72.68
0.723209946076744,34.04,-80.89,35.82,-78.66
0.593683649877135,38.57,-92.19,39.04,-95.69
0.575645010904681,43.08,-89.39,39.78,-89.64
0.575329143905009,41.82,-71.42,42.34,-71.02
0.550347424484976,41.82,-71.42,41.77,-72.68
0.540257950893217,32.32,-90.21,32.35,-86.28
0.539677573001519,40.28,-76.88,40.22,-74.76
0.516620349959463,32.32,-90.21,43.61,-116.23
0.512355226424977,32.32,-90.21,30.45,-91.13
0.503995827849107,40.82,-96.69,41.58,-93.62
0.50266233726818,30.31,-97.75,30.45,-91.13
0.478880497908862,46.81,-100.77,44.95,-93.1
0.457700945358923,33.76,-84.42,32.35,-86.28
0.450395056042834,42.67,-73.8,40.22,-74.76
0.432543243181603,37.53,-77.47,38.91,-77.02
0.423167568910221,36.17,-86.78,32.35,-86.28
0.404923883507451,40.28,-76.88,38.98,-76.49
0.392371721093964,30.45,-91.13,32.35,-86.28
0.367649890373352,43.08,-89.39,41.58,-93.62
0.366067920104964,41.15,-104.79,44.37,-100.34
0.352987161826261,44.92,-123.02,43.61,-116.23
0.340462385129315,44.32,-69.77,33.76,-84.42
0.334467245627938,34.04,-80.89,33.76,-84.42
0.318956608359941,46.81,-100.77,41.58,-93.62
0.318738575493141,38.57,-92.19,42.34,-71.02
0.314307188754343,43.23,-71.56,42.34,-71.02
0.313724717664236,44.95,-93.1,41.58,-93.62
0.313123458338559,37.53,-77.47,35.82,-78.66
0.31301824212272,44.26,-72.57,43.23,-71.56
0.310640888385079,40.78,-111.93,43.61,-116.23
0.308027374157454,39.15,-119.74,38.57,-121.47
0.307766852198324,36.17,-86.78,32.32,-90.21
0.297325670865498,36.17,-86.78,30.45,-91.13
0.292501924127191,46.81,-100.77,46.6,-112.03
0.291283444301736,41.15,-104.79,46.6,-112.03
0.29031657773972,37.53,-77.47,38.98,-76.49
0.28890657392594,40.28,-76.88,42.67,-73.8
0.28732585796806,35.82,-78.66,33.76,-84.42
0.284497450562964,40.28,-76.88,38.91,-77.02
0.282350637012756,38.57,-121.47,33.54,-112.07
0.276879484251127,42.67,-73.8,41.77,-72.68
0.27618541596226,40.22,-74.76,38.91,-77.02
0.27419291133171,40.22,-74.76,38.98,-76.49
0.269827660359663,36.17,-86.78,34.72,-92.35
0.262073240355599,40.22,-74.76,41.77,-72.68
0.261302184728531,40.28,-76.88,39.16,-75.53
0.259508123705882,39.99,-82.99,33.76,-84.42
0.257630175686385,34.04,-80.89,44.32,-69.77
0.249973722934623,38.98,-76.49,39.16,-75.53
0.24943831847908,44.95,-93.1,39.78,-89.64
0.246405844764211,33.76,-84.42,30.46,-84.28
0.245585662139258,38.2,-84.86,39.78,-86.15
0.244433698272878,40.28,-76.88,39.99,-82.99
0.241477911167894,39.78,-86.15,39.78,-89.64
0.235824871112266,36.17,-86.78,33.76,-84.42
0.229080225468458,40.22,-74.76,42.34,-71.02
0.226114209863735,39.99,-82.99,39.78,-86.15
0.225403669308191,43.08,-89.39,44.95,-93.1
0.224371475953566,44.37,-100.34,40.82,-96.69
0.223643686330253,36.17,-86.78,38.2,-84.86
0.222590749953934,44.37,-100.34,46.81,-100.77
0.220360280129754,35.47,-97.51,39.04,-95.69
0.219005833043988,44.37,-100.34,41.58,-93.62
0.218476318346652,30.45,-91.13,34.72,-92.35
0.218084071037613,35.47,-97.51,38.57,-92.19
0.217661142203677,40.82,-96.69,38.57,-92.19
0.214668461494035,43.08,-89.39,46.81,-100.77
0.212795405874019,44.37,-100.34,46.6,-112.03
0.20872319951028,35.47,-97.51,34.72,-92.35
0.204890120256998,35.68,-105.95,33.54,-112.07
0.203664704939926,41.58,-93.62,39.78,-89.64
0.20339017381287,46.6,-112.03,43.61,-116.23
0.202471497637656,39.99,-82.99,42.71,-84.55
0.201709123446756,39.15,-119.74,33.54,-112.07
0.198569478289736,39.99,-82.99,38.2,-84.86
0.197810559978423,35.68,-105.95,39.77,-104.87
0.195881358382552,38.57,-92.19,34.72,-92.35
0.191862618753529,40.22,-74.76,39.16,-75.53
0.191163623621587,43.23,-71.56,41.77,-72.68
0.190468145970769,43.23,-71.56,44.32,-69.77
0.188896503812213,35.82,-78.66,34.72,-92.35
0.188552829894889,39.77,-104.87,33.54,-112.07
0.18721586627013,42.71,-84.55,39.78,-86.15
0.187180507620867,42.67,-73.8,38.91,-77.02
0.184152557414286,41.15,-104.79,40.82,-96.69
0.181742058671564,47.04,-122.89,43.61,-116.23
0.180995850783889,42.67,-73.8,42.34,-71.02
0.180452189272232,34.04,-80.89,32.35,-86.28
0.178221490096896,46.81,-100.77,43.61,-116.23
0.176906185552908,41.82,-71.42,43.23,-71.56
0.176580371471836,40.28,-76.88,41.77,-72.68
0.176085043911937,40.82,-96.69,39.04,-95.69
0.174047022570363,44.92,-123.02,46.6,-112.03
0.172593443041204,38.57,-92.19,41.58,-93.62
0.171995496659212,44.95,-93.1,39.78,-86.15
0.171369728867002,30.45,-91.13,39.78,-86.15
0.166943062465451,46.81,-100.77,40.82,-96.69
0.166059333393313,42.67,-73.8,38.57,-121.47
0.165494036340808,38.57,-92.19,39.78,-89.64
0.163854534532789,32.32,-90.21,34.72,-92.35
0.163553721672415,30.46,-84.28,32.35,-86.28
0.16206728407773,39.99,-82.99,32.35,-86.28
0.160418119127907,41.15,-104.79,39.77,-104.87
0.160197888224422,35.82,-78.66,38.91,-77.02
0.15952393349497,37.53,-77.47,40.28,-76.88
0.159402831598638,42.67,-73.8,38.98,-76.49
0.159127416563489,35.82,-78.66,38.98,-76.49
0.157428172894881,41.15,-104.79,43.61,-116.23
0.15609140407876,39.78,-89.64,33.54,-112.07
0.154270816799756,38.98,-76.49,41.77,-72.68
0.153881952344187,38.91,-77.02,38.57,-121.47
0.153079954354284,40.78,-111.93,39.77,-104.87
0.150206563364028,36.17,-86.78,39.78,-86.15
0.150155491938199,38.35,-81.63,38.98,-76.49
0.149885277811514,39.77,-104.87,38.57,-121.47
0.149835777174674,30.31,-97.75,33.54,-112.07
0.149798513163076,37.53,-77.47,34.04,-80.89
0.149017259761574,42.34,-71.02,44.32,-69.77
0.146726411010486,37.53,-77.47,30.45,-91.13
0.146303779312445,30.45,-91.13,33.76,-84.42
0.145867159774159,42.34,-71.02,39.78,-89.64
0.145681749007942,40.78,-111.93,44.92,-123.02
0.14379172246333,30.31,-97.75,35.68,-105.95
0.143711503611035,37.53,-77.47,40.22,-74.76
0.142268863570514,36.17,-86.78,38.57,-92.19
0.141910607575809,40.28,-76.88,35.82,-78.66
0.141127497454832,37.53,-77.47,32.35,-86.28
0.141078644337,35.68,-105.95,40.82,-96.69
0.139237618056291,42.71,-84.55,39.78,-89.64
0.137662472975437,38.35,-81.63,34.04,-80.89
0.136911344124138,41.58,-93.62,39.78,-86.15
0.135355397133095,38.57,-92.19,39.78,-86.15
0.135113341048014,47.04,-122.89,38.57,-121.47
0.135045637131856,30.31,-97.75,35.47,-97.51
0.134314546092414,40.78,-111.93,39.15,-119.74
0.133778274627464,35.82,-78.66,32.35,-86.28
0.133205119775571,47.04,-122.89,46.6,-112.03
0.132029819909124,38.91,-77.02,41.77,-72.68
0.130953628773719,43.08,-89.39,39.78,-86.15
0.130946367050973,40.28,-76.88,38.57,-121.47
0.130651092364266,44.37,-100.34,44.95,-93.1
0.129856277663497,39.99,-82.99,38.98,-76.49
0.127980551168141,38.57,-92.19,30.45,-91.13
0.127378521649939,43.61,-116.23,32.35,-86.28
0.12696961866662,42.34,-71.02,38.91,-77.02
0.125395055639142,30.45,-91.13,30.46,-84.28
0.124466425270099,41.15,-104.79,46.81,-100.77
0.123901798046047,35.82,-78.66,30.46,-84.28
0.122964778099552,44.92,-123.02,33.54,-112.07
0.122946068547543,30.31,-97.75,39.77,-104.87
0.122930530863619,37.53,-77.47,33.76,-84.42
0.122182486905407,38.57,-92.19,39.77,-104.87
0.121343518714462,44.92,-123.02,39.77,-104.87
0.120825208714642,40.28,-76.88,42.34,-71.02
0.120688542576394,30.31,-97.75,38.57,-121.47
0.120664892591307,47.04,-122.89,39.77,-104.87
0.120335345514377,44.92,-123.02,38.57,-121.47
0.120318000800092,44.92,-123.02,39.15,-119.74
0.119922449123065,39.99,-82.99,39.78,-89.64
0.119448187794701,34.72,-92.35,32.35,-86.28
0.119389462742844,33.76,-84.42,38.91,-77.02
0.119300378745612,39.78,-89.64,38.91,-77.02
0.119065052098001,32.32,-90.21,33.76,-84.42
0.118139993657101,36.17,-86.78,34.04,-80.89
0.117354615420001,37.53,-77.47,36.17,-86.78
0.116673961871765,44.92,-123.02,46.81,-100.77
0.116078337570943,36.17,-86.78,30.46,-84.28
0.115530624632819,38.35,-81.63,38.2,-84.86
0.115324369846326,47.04,-122.89,39.15,-119.74
0.114960108597605,40.82,-96.69,39.77,-104.87
0.114903454464998,47.04,-122.89,33.54,-112.07
0.114558201372958,39.78,-89.64,39.77,-104.87
0.11373013488538,30.31,-97.75,36.17,-86.78
0.113578525737653,36.17,-86.78,35.82,-78.66
0.113318927249276,41.15,-104.79,35.68,-105.95
0.112704665935045,35.82,-78.66,30.45,-91.13
0.111416378562708,47.04,-122.89,38.91,-77.02
0.107999612164437,42.67,-73.8,33.76,-84.42
0.107710538815667,35.47,-97.51,35.68,-105.95
0.107393385734747,40.22,-74.76,38.57,-121.47
0.107314173629686,46.81,-100.77,39.78,-89.64
0.106448712622796,44.32,-69.77,32.35,-86.28
0.106309710350156,39.15,-119.74,39.77,-104.87
0.106273089712764,38.91,-77.02,39.16,-75.53
0.104804735612959,46.81,-100.77,39.77,-104.87
0.104556296690969,40.78,-111.93,33.54,-112.07
0.104261838268385,40.82,-96.69,44.95,-93.1
0.103903670832599,30.45,-91.13,39.78,-89.64
0.103392455784799,30.31,-97.75,38.57,-92.19
0.102868098629817,34.04,-80.89,30.46,-84.28
0.10274322465783,40.28,-76.88,39.78,-89.64
0.102472315681062,30.45,-91.13,39.77,-104.87
0.102346027831948,38.98,-76.49,33.76,-84.42
0.102061260895909,39.04,-95.69,41.58,-93.62
0.101867244910252,35.82,-78.66,42.67,-73.8
0.100777702099158,38.35,-81.63,40.28,-76.88
0.100460420667694,36.17,-86.78,40.28,-76.88
0.100306322524823,37.53,-77.47,42.67,-73.8
0.0993000908885404,38.98,-76.49,30.45,-91.13
0.0985018047237333,47.04,-122.89,46.81,-100.77
0.0984994926783213,30.45,-91.13,38.91,-77.02
0.0980644562734115,44.37,-100.34,43.61,-116.23
0.0980307416998589,37.53,-77.47,41.77,-72.68
0.0972662245284517,35.82,-78.66,40.22,-74.76
0.0971052281407676,38.98,-76.49,38.57,-121.47
0.0968731062805711,36.17,-86.78,39.99,-82.99
0.0966093398051256,40.78,-111.93,46.81,-100.77
0.0962590595319656,42.67,-73.8,30.46,-84.28
0.0957785614391542,30.31,-97.75,32.35,-86.28
0.0955404657258748,32.32,-90.21,30.46,-84.28
0.0951888219325132,38.57,-92.19,44.95,-93.1
0.095168432619083,39.99,-82.99,35.82,-78.66
0.0951282573487339,40.82,-96.69,39.78,-86.15
0.0947273150772605,38.98,-76.49,32.35,-86.28
0.0947005692383248,38.98,-76.49,39.78,-89.64
0.0944795672293554,38.57,-92.19,32.35,-86.28
0.0933942942284593,42.34,-71.02,38.98,-76.49
0.0933325607127976,41.82,-71.42,44.32,-69.77
0.0926644311482236,35.47,-97.51,40.82,-96.69
0.0924743224090567,40.28,-76.88,30.45,-91.13
0.092431752099515,35.68,-105.95,43.61,-116.23
0.0922713989842424,30.31,-97.75,34.72,-92.35
0.0922580082045911,38.35,-81.63,44.26,-72.57
0.0918456977965262,39.99,-82.99,30.45,-91.13
0.0910407821277556,44.92,-123.02,35.68,-105.95
0.0903769567131921,35.47,-97.51,30.45,-91.13
0.09010373094045,34.04,-80.89,32.32,-90.21
0.089639200171048,36.17,-86.78,38.98,-76.49
0.0895436600808867,39.99,-82.99,38.91,-77.02
0.0895060108255561,39.04,-95.69,39.77,-104.87
0.088919857311285,42.67,-73.8,39.78,-89.64
0.0887680774488347,39.99,-82.99,40.22,-74.76
0.0885846418748524,36.17,-86.78,38.91,-77.02
0.0881648294452104,40.28,-76.88,39.77,-104.87
0.0875155617325863,38.2,-84.86,32.35,-86.28
0.0865719023927979,39.99,-82.99,30.46,-84.28
0.085948120751122,40.28,-76.88,42.71,-84.55
0.0857027011788282,30.31,-97.75,30.46,-84.28
0.0852475212589535,35.68,-105.95,46.6,-112.03
0.085006368440682,34.04,-80.89,30.45,-91.13
0.0847324304960595,30.45,-91.13,43.61,-116.23
0.0843852261416284,30.46,-84.28,38.91,-77.02
0.0842148064124741,36.17,-86.78,39.78,-89.64
0.0836308280480549,30.31,-97.75,32.32,-90.21
0.0835643805444413,37.53,-77.47,39.99,-82.99
0.0831416042318054,39.04,-95.69,34.72,-92.35
0.0828068657339588,38.91,-77.02,39.77,-104.87
0.0827567784774346,39.78,-89.64,38.57,-121.47
0.0821223778818098,47.04,-122.89,40.78,-111.93
0.081942142971058,41.77,-72.68,38.57,-121.47
0.081544141390565,42.67,-73.8,39.04,-95.69
0.0814047082821461,30.31,-97.75,39.78,-89.64
0.080512227627948,43.61,-116.23,39.77,-104.87
0.0801251641132417,39.15,-119.74,38.91,-77.02
0.0800640436602789,44.95,-93.1,33.54,-112.07
0.0798423342226068,41.15,-104.79,40.78,-111.93
0.0794553457247788,47.04,-122.89,38.98,-76.49
0.0787254171062064,35.68,-105.95,30.45,-91.13
0.0786508741646425,35.68,-105.95,38.57,-121.47
0.0785903485685076,37.53,-77.47,30.46,-84.28
0.0782795221129864,38.57,-92.19,32.32,-90.21
0.0779789652294597,32.32,-90.21,42.71,-84.55
0.077476338381756,40.82,-96.69,43.61,-116.23
0.0767564080480152,30.45,-91.13,38.2,-84.86
0.0757329464289713,35.47,-97.51,39.77,-104.87
0.0756088465590432,35.68,-105.95,34.72,-92.35
0.0754668065348891,39.99,-82.99,38.57,-92.19
0.0752964843594171,46.81,-100.77,33.54,-112.07
0.0751884121967632,34.04,-80.89,40.28,-76.88
0.0745216296344681,40.82,-96.69,34.72,-92.35
0.0744310770538833,39.78,-86.15,32.35,-86.28
0.0743873604825519,39.99,-82.99,42.67,-73.8
0.0743843299290363,38.2,-84.86,41.58,-93.62
0.0742647873083031,39.78,-89.64,33.76,-84.42
0.0740041504474596,38.91,-77.02,33.54,-112.07
0.0739555545093139,40.28,-76.88,30.46,-84.28
0.0738404120165752,30.31,-97.75,33.76,-84.42
0.0736944453878259,40.78,-111.93,38.57,-121.47
0.0734648594102742,34.04,-80.89,39.99,-82.99
0.0726591567207142,40.78,-111.93,35.68,-105.95
0.0726312805815541,40.82,-96.69,39.78,-89.64
0.0724872803205513,36.17,-86.78,39.77,-104.87
0.0723487225968772,37.53,-77.47,42.34,-71.02
0.072210181498959,42.67,-73.8,44.95,-93.1
0.0721047826604799,37.53,-77.47,39.16,-75.53
0.0720907457941999,44.32,-69.77,41.77,-72.68
0.071727004198639,40.22,-74.76,39.77,-104.87
0.071442882627136,39.16,-75.53,41.77,-72.68
0.0710728359502035,38.35,-81.63,39.99,-82.99
0.0710396010491279,41.58,-93.62,39.77,-104.87
0.0710108226002524,43.08,-89.39,38.57,-92.19
0.0707763780551501,38.98,-76.49,30.46,-84.28
0.0705011308733359,30.45,-91.13,33.54,-112.07
0.0695059782045823,38.91,-77.02,32.35,-86.28
0.0693238140746362,43.08,-89.39,40.82,-96.69
0.0691991968768707,43.61,-116.23,33.54,-112.07
0.0691309699142117,30.31,-97.75,39.15,-119.74
0.06911976529431,30.45,-91.13,38.57,-121.47
0.0691177191806575,40.28,-76.88,39.78,-86.15
0.0689214478068374,35.68,-105.95,41.58,-93.62
0.068800984091654,40.28,-76.88,33.76,-84.42
0.0678230221531678,32.32,-90.21,38.2,-84.86
0.067690509640054,44.26,-72.57,44.32,-69.77
0.0676695709770868,34.04,-80.89,38.98,-76.49
0.0672737694751636,37.53,-77.47,39.78,-86.15
0.0672397204176242,44.95,-93.1,39.77,-104.87
0.0670646448928639,40.78,-111.93,46.6,-112.03
0.0669705020483689,38.98,-76.49,39.78,-86.15
0.0664700106512375,36.17,-86.78,41.58,-93.62
0.0664315932400459,37.53,-77.47,39.77,-104.87
0.0663802665813746,39.78,-86.15,39.77,-104.87
0.0662644642509053,40.82,-96.69,46.6,-112.03
0.0656825163798494,46.81,-100.77,39.78,-86.15
0.0653632445929451,40.22,-74.76,39.78,-89.64
0.0651363102577215,39.99,-82.99,39.77,-104.87
0.0649223020698974,38.2,-84.86,39.77,-104.87
0.0648961763950202,38.57,-92.19,43.61,-116.23
0.064753332935134,40.28,-76.88,32.35,-86.28
0.0646879255281288,38.98,-76.49,39.77,-104.87
0.0639939941303522,36.17,-86.78,35.68,-105.95
0.0638912527529842,46.81,-100.77,39.15,-119.74
0.063825196789549,42.67,-73.8,39.77,-104.87
0.063643115688622,41.58,-93.62,33.54,-112.07
0.0635613246327381,35.68,-105.95,38.57,-92.19
0.0635078382059511,36.17,-86.78,35.47,-97.51
0.0628240132669983,36.17,-86.78,43.61,-116.23
0.062570785616972,40.22,-74.76,39.15,-119.74
0.062380859640115,46.6,-112.03,41.58,-93.62
0.0621872161733829,42.71,-84.55,38.2,-84.86
0.0620972974657986,37.53,-77.47,38.57,-121.47
0.0620661115654503,38.2,-84.86,39.78,-89.64
0.0619442148189847,40.78,-111.93,40.82,-96.69
0.0619382956393556,37.53,-77.47,39.78,-89.64
0.061894441284822,35.68,-105.95,39.15,-119.74
0.061843111507421,40.28,-76.88,38.57,-92.19
0.0616631025889242,41.58,-93.62,43.61,-116.23
0.0616145845202953,39.99,-82.99,41.77,-72.68
0.0615979673253545,30.31,-97.75,38.91,-77.02
0.0612941122258413,36.17,-86.78,44.32,-69.77
0.0612367565375452,41.15,-104.79,38.35,-81.63
0.0610196399148496,38.57,-92.19,38.2,-84.86
0.0608602556836073,30.31,-97.75,35.82,-78.66
0.060693593214797,42.34,-71.02,33.76,-84.42
0.0606596760263772,39.15,-119.74,43.61,-116.23
0.0605993775372938,39.78,-89.64,30.46,-84.28
0.0599479856008786,42.71,-84.55,30.45,-91.13
0.0596830329717702,32.32,-90.21,38.98,-76.49
0.0593241413693608,38.98,-76.49,33.54,-112.07
0.0592819985426447,40.22,-74.76,30.45,-91.13
0.0590050539070286,39.15,-119.74,39.78,-89.64
0.0585728200879648,35.82,-78.66,44.32,-69.77
0.0585695231084039,30.46,-84.28,39.77,-104.87
0.0582614911593217,36.17,-86.78,44.95,-93.1
0.0582499979445308,36.17,-86.78,46.81,-100.77
0.0580953028306389,30.31,-97.75,38.98,-76.49
0.0579638894189375,44.95,-93.1,42.34,-71.02
0.057662784807008,37.53,-77.47,32.32,-90.21
0.0574343424412141,30.31,-97.75,42.67,-73.8
0.0571574260485455,38.57,-92.19,33.76,-84.42
0.0569368744209848,36.17,-86.78,33.54,-112.07
0.0567331430311717,35.82,-78.66,32.32,-90.21
0.0567282251096191,39.78,-86.15,34.72,-92.35
0.0567085619466695,35.68,-105.95,32.35,-86.28
0.0564911796790095,39.78,-86.15,33.76,-84.42
0.0563860765866419,44.92,-123.02,38.98,-76.49
0.0562571756601607,35.82,-78.66,38.57,-92.19
0.0562468076197718,39.15,-119.74,38.98,-76.49
0.0555290357027938,39.78,-89.64,32.35,-86.28
0.0553856370081337,42.34,-71.02,39.77,-104.87
0.0551540762019748,42.34,-71.02,38.57,-121.47
0.0551100726920498,47.04,-122.89,37.53,-77.47
0.0550478339190706,47.04,-122.89,39.78,-89.64
0.0546820715425925,35.68,-105.95,38.98,-76.49
0.0546748502905337,43.08,-89.39,38.2,-84.86
0.0546742927442171,39.99,-82.99,32.32,-90.21
0.0546249204226668,40.22,-74.76,30.46,-84.28
0.0545650476540772,46.81,-100.77,35.68,-105.95
0.0545578514723886,40.28,-76.88,33.54,-112.07
0.0545262868246224,30.31,-97.75,40.28,-76.88
0.0542007694019945,35.68,-105.95,39.04,-95.69
0.0540178389009547,35.82,-78.66,41.77,-72.68
0.0539437499888361,46.6,-112.03,39.77,-104.87
0.0536297761373599,42.67,-73.8,39.15,-119.74
0.0536260697785768,41.15,-104.79,41.58,-93.62
0.0535282700924084,36.17,-86.78,42.71,-84.55
0.0534727063759689,37.53,-77.47,30.31,-97.75
0.0534609455167953,40.82,-96.69,38.2,-84.86
0.053040282011717,35.82,-78.66,39.77,-104.87
0.0529693174831967,47.04,-122.89,30.31,-97.75
0.0528778930886042,38.35,-81.63,43.61,-116.23
0.0528652077583455,30.46,-84.28,38.57,-121.47
0.0525958841084034,42.67,-73.8,30.45,-91.13
0.0524631932481144,41.82,-71.42,40.22,-74.76
0.0523369249617263,39.99,-82.99,41.58,-93.62
0.0522171928936204,44.92,-123.02,40.82,-96.69
0.0521393463762125,46.81,-100.77,38.57,-92.19
0.0521309191341927,37.53,-77.47,34.72,-92.35
0.0518265106330765,40.28,-76.88,39.15,-119.74
0.0517080281972634,38.2,-84.86,34.72,-92.35
0.051659046800171,41.77,-72.68,39.77,-104.87
0.051492841788609,32.32,-90.21,44.32,-69.77
0.0514236055999188,44.95,-93.1,38.2,-84.86
0.0513620112990121,42.67,-73.8,38.57,-92.19
0.0509009700439123,43.08,-89.39,44.37,-100.34
0.0507847577835381,35.68,-105.95,38.91,-77.02
0.0507706991467962,39.77,-104.87,34.72,-92.35
0.0507419045125251,38.2,-84.86,43.61,-116.23
0.0506953095588864,37.53,-77.47,38.57,-92.19
0.0505423950583474,30.45,-91.13,41.77,-72.68
0.0504991202804077,44.95,-93.1,38.98,-76.49
0.0501700868441907,42.71,-84.55,38.98,-76.49
0.0499918970782881,42.34,-71.02,33.54,-112.07
0.0498160470589621,38.35,-81.63,41.58,-93.62
0.0497793858987889,43.08,-89.39,30.45,-91.13
0.0497749057092561,33.76,-84.42,38.57,-121.47
0.0497332319524694,42.34,-71.02,34.72,-92.35
0.0497226099717241,42.34,-71.02,30.46,-84.28
0.0496968804716855,38.57,-92.19,33.54,-112.07
0.049585699500142,30.45,-91.13,39.04,-95.69
0.0494820650920884,43.61,-116.23,34.72,-92.35
0.0494452322130776,30.31,-97.75,39.04,-95.69
0.0494117953290512,35.82,-78.66,42.34,-71.02
0.0493298440889771,39.99,-82.99,33.54,-112.07
0.0492786212429204,35.82,-78.66,38.57,-121.47
0.0492289472064618,38.57,-92.19,38.98,-76.49
0.0488025228784024,37.53,-77.47,38.2,-84.86
0.0487609893213454,34.04,-80.89,38.2,-84.86
0.0487481480200389,38.98,-76.49,38.2,-84.86
0.0486241929511021,40.28,-76.88,38.2,-84.86
0.0485232430695427,38.2,-84.86,39.04,-95.69
0.0485185796151391,35.82,-78.66,39.78,-89.64
0.0484338610882956,44.92,-123.02,38.91,-77.02
0.0481832567272108,47.04,-122.89,40.28,-76.88
0.0480658688846541,40.78,-111.93,41.58,-93.62
0.0480247165996502,40.82,-96.69,30.45,-91.13
0.0478922433238597,34.04,-80.89,41.77,-72.68
0.0477835594861655,40.78,-111.93,38.98,-76.49
0.0477022876546162,43.08,-89.39,36.17,-86.78
0.0476809462589225,39.04,-95.69,32.35,-86.28
0.047318640988038,36.17,-86.78,42.34,-71.02
0.0472620711515351,40.22,-74.76,33.76,-84.42
0.0470064188981297,42.34,-71.02,30.45,-91.13
0.0467637663573733,30.31,-97.75,39.99,-82.99
0.0466687852560422,34.04,-80.89,38.91,-77.02
0.0466545185153976,35.47,-97.51,42.34,-71.02
0.0466145725665302,44.26,-72.57,41.77,-72.68
0.0463485498648131,30.45,-91.13,41.58,-93.62
0.0462732073106737,38.35,-81.63,37.53,-77.47
0.0462710643876964,35.68,-105.95,44.95,-93.1
0.0462399998344729,36.17,-86.78,40.22,-74.76
0.046235665326134,42.67,-73.8,33.54,-112.07
0.0460640641622172,37.53,-77.47,44.32,-69.77
0.0458509197820712,40.28,-76.88,41.58,-93.62
0.0457975742883666,38.2,-84.86,33.76,-84.42
0.0457831760183364,42.71,-84.55,41.58,-93.62
0.0457564801275727,43.08,-89.39,42.71,-84.55
0.0456078616389694,35.47,-97.51,39.78,-86.15
0.0454377229553596,44.95,-93.1,39.04,-95.69
0.0452762775134205,30.46,-84.28,41.77,-72.68
0.0451921752460286,38.57,-92.19,30.46,-84.28
0.0451009074696483,33.76,-84.42,39.77,-104.87
0.0449375325859666,30.31,-97.75,42.34,-71.02
0.0449240572233297,47.04,-122.89,35.68,-105.95
0.0449164236984579,44.95,-93.1,30.45,-91.13
0.044743048913899,41.58,-93.62,34.72,-92.35
0.0446883914821474,37.53,-77.47,33.54,-112.07
0.0446155251448728,34.04,-80.89,40.22,-74.76
0.0445915517220165,40.82,-96.69,33.54,-112.07
0.04453055058967,39.15,-119.74,30.46,-84.28
0.044465215210774,39.04,-95.69,43.61,-116.23
0.0444537243033906,38.2,-84.86,30.46,-84.28
0.0444241306666246,36.17,-86.78,40.82,-96.69
0.0442980355285332,44.26,-72.57,42.34,-71.02
0.0441378240691029,39.15,-119.74,44.95,-93.1
0.0439216826949297,40.78,-111.93,38.57,-92.19
0.0437516600036563,37.53,-77.47,44.95,-93.1
0.0436407175739559,42.71,-84.55,38.91,-77.02
0.0435148011913864,34.04,-80.89,34.72,-92.35
0.0434203342827314,35.82,-78.66,42.71,-84.55
0.0434120870484851,39.78,-89.64,41.77,-72.68
0.0431104614535287,32.32,-90.21,39.78,-89.64
0.043098631570028,42.71,-84.55,32.35,-86.28
0.0430540232734083,36.17,-86.78,42.67,-73.8
0.0430374119229114,39.99,-82.99,38.57,-121.47
0.0429023473002576,39.99,-82.99,42.34,-71.02
0.0428710098484609,47.04,-122.89,40.22,-74.76
0.0427993811905931,43.08,-89.39,39.99,-82.99
0.0427624026644578,40.22,-74.76,32.35,-86.28
0.0426747182826584,38.57,-92.19,38.91,-77.02
0.0426449711705397,42.71,-84.55,33.76,-84.42
0.0423388055767457,39.04,-95.69,39.78,-86.15
0.0422723101694589,40.28,-76.88,44.95,-93.1
0.0422278271616788,30.46,-84.28,33.54,-112.07
0.0421370710549815,40.78,-111.93,44.95,-93.1
0.0421051086749145,44.37,-100.34,39.77,-104.87
0.0419229215159876,38.35,-81.63,44.37,-100.34
0.0418960822576547,40.78,-111.93,36.17,-86.78
0.0418478580933985,39.77,-104.87,32.35,-86.28
0.0418332936322712,42.67,-73.8,32.35,-86.28
0.0415218822941059,36.17,-86.78,41.77,-72.68
0.0412933370055885,38.35,-81.63,40.82,-96.69
0.0410996988484696,39.78,-86.15,33.54,-112.07
0.0410714372447791,46.81,-100.77,30.45,-91.13
0.0408723328152926,41.82,-71.42,42.67,-73.8
0.0408683377091585,43.08,-89.39,33.54,-112.07
0.0408245043583634,38.98,-76.49,43.61,-116.23
0.0407651664159821,35.68,-105.95,32.32,-90.21
0.0407567036452916,40.78,-111.93,40.28,-76.88
0.0407533195207726,38.35,-81.63,39.78,-86.15
0.0406849831618201,34.04,-80.89,42.67,-73.8
0.0405735037890715,32.32,-90.21,39.77,-104.87
0.0404811168789406,35.47,-97.51,33.54,-112.07
0.0403255708040197,38.2,-84.86,41.77,-72.68
0.0402366488492712,42.71,-84.55,30.46,-84.28
0.0402272439675784,32.32,-90.21,39.78,-86.15
0.0401984154997788,36.17,-86.78,39.04,-95.69
0.0401646975162377,35.82,-78.66,39.78,-86.15
0.0399901632521802,41.82,-71.42,38.98,-76.49
0.039717791110534,35.47,-97.51,46.81,-100.77
0.0396322673022078,35.68,-105.95,39.78,-86.15
0.0396260455961948,44.92,-123.02,39.78,-89.64
0.0395990173951198,39.78,-86.15,38.91,-77.02
0.0395872954501268,46.81,-100.77,38.98,-76.49
0.0391767574907895,40.78,-111.93,38.91,-77.02
0.0391457642714778,35.47,-97.51,41.58,-93.62
0.0391322112395385,39.78,-89.64,34.72,-92.35
0.0390844113566398,35.68,-105.95,39.78,-89.64
0.0388993543608817,34.04,-80.89,39.78,-86.15
0.0388715807773397,43.08,-89.39,39.77,-104.87
0.038678068600856,41.58,-93.62,32.35,-86.28
0.0386669593210419,43.08,-89.39,32.35,-86.28
0.0386498805771499,33.76,-84.42,33.54,-112.07
0.0385253221074117,34.04,-80.89,43.61,-116.23
0.0384536365604485,47.04,-122.89,44.95,-93.1
0.0383148012215788,40.78,-111.93,39.04,-95.69
0.038144490621045,33.76,-84.42,41.77,-72.68
0.0379552974930472,46.81,-100.77,41.77,-72.68
0.0377801514670362,35.47,-97.51,35.82,-78.66
0.0377592842196089,39.15,-119.74,38.57,-92.19
0.037700198710721,43.08,-89.39,37.53,-77.47
0.0375890383678463,33.54,-112.07,32.35,-86.28
0.0375659158320907,40.28,-76.88,46.81,-100.77
0.0374923690816916,40.22,-74.76,33.54,-112.07
0.0374418402823901,42.67,-73.8,39.16,-75.53
0.0374174192777589,44.95,-93.1,41.77,-72.68
0.0373738894839844,44.95,-93.1,34.72,-92.35
0.0373206047826955,38.57,-92.19,42.71,-84.55
0.0371257406159378,35.47,-97.51,32.35,-86.28
0.0370075478717002,39.99,-82.99,44.95,-93.1
0.0368938075753232,37.53,-77.47,42.71,-84.55
0.0368789408207701,41.77,-72.68,33.54,-112.07
0.0366652010992623,38.98,-76.49,41.58,-93.62
0.0366520932058796,36.17,-86.78,38.57,-121.47
0.0366320777067046,47.04,-122.89,36.17,-86.78
0.0366237065737734,41.15,-104.79,44.92,-123.02
0.0366141442482972,40.28,-76.88,35.68,-105.95
0.0366057603537542,30.31,-97.75,39.78,-86.15
0.0365854872087082,32.32,-90.21,39.04,-95.69
0.0364003043402929,44.26,-72.57,41.82,-71.42
0.0363019176489513,37.53,-77.47,35.68,-105.95
0.0361941368580099,40.82,-96.69,32.32,-90.21
0.0361709968675143,35.47,-97.51,32.32,-90.21
0.0361313569567541,40.22,-74.76,43.23,-71.56
0.0361220737689831,42.34,-71.02,41.58,-93.62
0.0360185374497376,38.98,-76.49,34.72,-92.35
0.0359602603643868,37.53,-77.47,39.15,-119.74
0.0359070314026028,47.04,-122.89,42.67,-73.8
0.0358092590966193,39.15,-119.74,41.77,-72.68
0.0357822068273457,30.31,-97.75,40.22,-74.76
0.0357454557278965,40.78,-111.93,41.77,-72.68
0.0357279420308225,46.6,-112.03,34.72,-92.35
0.0357084469733303,44.92,-123.02,34.72,-92.35
0.0355919219469488,35.82,-78.66,38.2,-84.86
0.0355228934816648,30.31,-97.75,42.71,-84.55
0.0355186759464248,46.81,-100.77,38.57,-121.47
0.0353745522696308,42.67,-73.8,42.71,-84.55
0.0353547706571889,38.35,-81.63,38.91,-77.02
0.0353136020801669,40.78,-111.93,40.22,-74.76
0.0351798194157221,40.82,-96.69,38.98,-76.49
0.0351459078874633,42.71,-84.55,34.72,-92.35
0.0350950879327848,42.67,-73.8,41.58,-93.62
0.0350899430659864,38.35,-81.63,32.35,-86.28
0.0349100548417849,40.28,-76.88,40.82,-96.69
0.0347867068046682,44.95,-93.1,38.57,-121.47
0.0347833338334915,43.61,-116.23,38.57,-121.47
0.0346887755075034,42.71,-84.55,39.77,-104.87
0.034683339185473,39.15,-119.74,30.45,-91.13
0.0346491827611629,42.34,-71.02,39.78,-86.15
0.0345896417194603,43.08,-89.39,38.98,-76.49
0.0345147553027932,47.04,-122.89,38.57,-92.19
0.0345102925442229,43.08,-89.39,33.76,-84.42
0.0343706305075928,44.37,-100.34,39.78,-86.15
0.0340886472126353,42.71,-84.55,41.77,-72.68
0.0340461168664366,40.78,-111.93,30.45,-91.13
0.0339339800292749,38.35,-81.63,35.68,-105.95
0.0338793249376231,38.98,-76.49,44.32,-69.77
0.0338551590572996,42.71,-84.55,33.54,-112.07
0.0337186628971094,46.6,-112.03,44.95,-93.1
0.0336899576743471,39.78,-86.15,30.46,-84.28
0.0334429029199081,39.99,-82.99,34.72,-92.35
0.0334328358208955,35.82,-78.66,33.54,-112.07
0.0334051199647708,30.31,-97.75,41.77,-72.68
0.033197718156878,30.31,-97.75,44.92,-123.02
0.0331910467386931,44.95,-93.1,43.61,-116.23
0.0331518138229263,38.35,-81.63,46.6,-112.03
0.0330194509298987,44.95,-93.1,42.71,-84.55
0.0329415486189754,46.81,-100.77,38.2,-84.86
0.0328956386367688,46.81,-100.77,38.91,-77.02
0.0328538199908102,38.57,-92.19,38.57,-121.47
0.0327215219416021,39.15,-119.74,40.82,-96.69
0.0326161253145867,47.04,-122.89,40.82,-96.69
0.0325364669306214,43.61,-116.23,38.91,-77.02
0.0324655717282668,32.32,-90.21,38.91,-77.02
0.0324611510349487,44.26,-72.57,44.37,-100.34
0.032367495088512,40.22,-74.76,44.32,-69.77
0.0323488287130285,43.08,-89.39,30.46,-84.28
0.0323230184773532,32.32,-90.21,41.77,-72.68
0.0322966772157942,40.78,-111.93,39.78,-89.64
0.0322100009302296,34.04,-80.89,38.57,-92.19
0.0321590035344211,39.15,-119.74,41.58,-93.62
0.0320644406028414,39.15,-119.74,42.34,-71.02
0.0320065130652716,47.04,-122.89,30.46,-84.28
0.0320042995369293,41.58,-93.62,41.77,-72.68
0.0319028511399987,43.08,-89.39,42.67,-73.8
0.0317678060613867,35.82,-78.66,39.16,-75.53
0.0317182934008333,34.04,-80.89,44.95,-93.1
0.0316862163948571,40.28,-76.88,32.32,-90.21
0.0316579764473041,42.34,-71.02,32.35,-86.28
0.0314722190150701,30.31,-97.75,46.81,-100.77
0.0314069815164565,43.08,-89.39,32.32,-90.21
0.0312694180870223,43.61,-116.23,33.76,-84.42
0.0311996823949077,41.58,-93.62,33.76,-84.42
0.0311800272309013,44.92,-123.02,41.58,-93.62
0.0310936080866915,41.15,-104.79,44.26,-72.57
0.0309677230337089,47.04,-122.89,32.35,-86.28
0.0309025822473609,44.95,-93.1,33.76,-84.42
0.0307939380807321,39.99,-82.99,43.61,-116.23
0.0307568849833537,44.95,-93.1,32.35,-86.28
0.0305051495477438,43.08,-89.39,40.28,-76.88
0.0304947252965781,39.99,-82.99,39.15,-119.74
0.0301121263626752,35.68,-105.95,41.77,-72.68
0.0300862845893539,41.82,-71.42,40.28,-76.88
0.0300524344968612,35.47,-97.51,43.61,-116.23
0.029948141478052,38.2,-84.86,33.54,-112.07
0.0299288563560375,33.76,-84.42,34.72,-92.35
0.0299280657019162,46.81,-100.77,42.67,-73.8
0.0299136777472616,37.53,-77.47,44.92,-123.02
0.0298470004824861,30.31,-97.75,34.04,-80.89
0.0297165019010338,32.32,-90.21,33.54,-112.07
0.029710206031987,44.92,-123.02,40.22,-74.76
0.0295656542673162,38.35,-81.63,30.45,-91.13
0.0292862177106116,39.15,-119.74,33.76,-84.42
0.029194761791321,39.78,-89.64,43.61,-116.23
0.0291916451901156,37.53,-77.47,43.61,-116.23
0.0291795746428254,40.28,-76.88,44.92,-123.02
0.029140834731905,46.6,-112.03,38.98,-76.49
0.0291341078540814,43.61,-116.23,41.77,-72.68
0.0291283444301736,35.68,-105.95,38.2,-84.86
0.0290909376853754,35.47,-97.51,39.99,-82.99
0.0290887825350344,38.35,-81.63,36.17,-86.78
0.0289257781499543,38.2,-84.86,38.91,-77.02
0.0287754115877521,41.15,-104.79,39.15,-119.74
0.0286591472985086,47.04,-122.89,39.99,-82.99
0.028607134327005,34.04,-80.89,39.16,-75.53
0.0285478842877722,34.04,-80.89,42.34,-71.02
0.0285217977907075,44.37,-100.34,35.68,-105.95
0.0284983366902845,44.92,-123.02,44.95,-93.1
0.0284374494237726,44.92,-123.02,42.67,-73.8
0.0284259205333155,30.31,-97.75,43.61,-116.23
0.0284177598900929,41.77,-72.68,32.35,-86.28
0.028396990445209,30.46,-84.28,34.72,-92.35
0.0283488219280954,38.35,-81.63,44.32,-69.77
0.0283000871269633,34.04,-80.89,39.78,-89.64
0.0282929876724845,38.57,-121.47,32.35,-86.28
0.028272615417536,39.78,-86.15,41.77,-72.68
0.0282460398424154,43.08,-89.39,39.04,-95.69
0.0281990410693948,44.95,-93.1,38.91,-77.02
0.0281873713509504,36.17,-86.78,39.15,-119.74
0.0281026397737432,44.32,-69.77,34.72,-92.35
0.0280664819813252,44.92,-123.02,41.77,-72.68
0.0280409630867641,40.78,-111.93,30.31,-97.75
0.0279824745523617,37.53,-77.47,40.78,-111.93
0.0279388183051684,42.71,-84.55,42.34,-71.02
0.0278892405926733,38.98,-76.49,39.04,-95.69
0.0278701133688012,43.08,-89.39,30.31,-97.75
0.0277846736216548,42.67,-73.8,39.78,-86.15
0.027784466665634,38.91,-77.02,34.72,-92.35
0.0277344222439512,32.32,-90.21,41.58,-93.62
0.0277074259879897,39.15,-119.74,39.78,-86.15
0.0276543928079187,35.82,-78.66,39.15,-119.74
0.0275995840851973,44.92,-123.02,42.34,-71.02
0.0274456790744548,40.22,-74.76,44.95,-93.1
0.0273090890887981,40.22,-74.76,42.71,-84.55
0.0272716002059902,43.08,-89.39,35.82,-78.66
0.0271993684482363,40.78,-111.93,34.72,-92.35
0.0271636169435309,47.04,-122.89,41.77,-72.68
0.027147750344849,35.82,-78.66,44.95,-93.1
0.0269433423599303,39.04,-95.69,33.54,-112.07
0.026892141055063,40.22,-74.76,43.61,-116.23
0.0268815666078553,40.78,-111.93,39.78,-86.15
0.0268158834003783,39.99,-82.99,46.81,-100.77
0.0267778345809244,40.82,-96.69,42.34,-71.02
0.0267348540092703,39.99,-82.99,39.04,-95.69
0.0267236155256748,38.35,-81.63,40.78,-111.93
0.0267108899944721,40.82,-96.69,32.35,-86.28
0.026579259376607,38.35,-81.63,32.32,-90.21
0.0265204865016398,38.35,-81.63,42.71,-84.55
0.0265023253289759,30.31,-97.75,40.82,-96.69
0.0264063092842098,39.15,-119.74,32.35,-86.28
0.0263445749522785,34.04,-80.89,42.71,-84.55
0.0263165593277202,46.81,-100.77,40.22,-74.76
0.0262081219409117,41.15,-104.79,33.54,-112.07
0.0261779810936373,39.99,-82.99,40.82,-96.69
0.0260291735444972,43.08,-89.39,42.34,-71.02
0.0259368999638061,41.82,-71.42,38.91,-77.02
0.0259032789903616,34.04,-80.89,39.77,-104.87
0.0258506498807919,46.81,-100.77,42.34,-71.02
0.0258444844214852,34.04,-80.89,35.68,-105.95
0.0258073404775265,43.08,-89.39,39.15,-119.74
0.0257239310088273,40.78,-111.93,38.2,-84.86
0.0257070893622325,44.26,-72.57,43.61,-116.23
0.0257041443411119,47.04,-122.89,41.58,-93.62
0.0256960057343749,47.04,-122.89,33.76,-84.42
0.025694620952863,47.04,-122.89,35.82,-78.66
0.0256667592442633,46.6,-112.03,33.54,-112.07
0.0256582440833599,35.68,-105.95,40.22,-74.76
0.0255898124947041,34.04,-80.89,41.58,-93.62
0.0255432008143859,44.92,-123.02,39.78,-86.15
0.0254769064961549,38.35,-81.63,41.77,-72.68
0.025427411146143,37.53,-77.47,40.82,-96.69
0.0254114614179359,37.53,-77.47,41.58,-93.62
0.025355892561302,40.22,-74.76,38.57,-92.19
0.0252963589046991,43.08,-89.39,34.72,-92.35
0.0252951053437314,39.15,-119.74,39.04,-95.69
0.025284141982597,40.28,-76.88,43.61,-116.23
0.0252777747005263,44.37,-100.34,39.78,-89.64
0.0251344311175739,42.34,-71.02,39.16,-75.53
0.0251081073381379,30.31,-97.75,41.58,-93.62
0.0250239736739274,35.82,-78.66,35.68,-105.95
0.0250057368885482,36.17,-86.78,44.37,-100.34
0.024946795191635,35.82,-78.66,41.58,-93.62
0.0249024945564446,40.78,-111.93,35.47,-97.51
0.0246522138873852,39.04,-95.69,39.78,-89.64
0.024489355594146,34.72,-92.35,33.54,-112.07
0.0244339665208782,37.53,-77.47,46.81,-100.77
0.0243700399030995,38.35,-81.63,35.82,-78.66
0.0242835413855783,35.82,-78.66,39.04,-95.69
0.0242448430966422,44.32,-69.77,41.58,-93.62
0.0241629630696427,46.81,-100.77,30.46,-84.28
0.0240752259703813,42.71,-84.55,38.57,-121.47
0.0240673064881542,30.31,-97.75,38.2,-84.86
0.0239784400180842,44.32,-69.77,30.46,-84.28
0.0235928334686517,40.82,-96.69,42.71,-84.55
0.0235552361373424,47.04,-122.89,44.37,-100.34
0.0235525986682866,36.17,-86.78,44.92,-123.02
0.023450196065381,41.15,-104.79,44.95,-93.1
0.0234449686476223,40.78,-111.93,39.99,-82.99
0.0234152731685825,30.31,-97.75,44.95,-93.1
0.0233208864503159,34.04,-80.89,33.54,-112.07
0.0233001865034441,39.15,-119.74,42.71,-84.55
0.0232925383365542,47.04,-122.89,30.45,-91.13
0.0230315621738968,47.04,-122.89,42.34,-71.02
0.0230311674666566,35.47,-97.51,30.46,-84.28
0.0227871583475753,35.47,-97.51,44.95,-93.1
0.0226546320631629,41.15,-104.79,35.47,-97.51
0.0226180923340288,47.04,-122.89,39.78,-86.15
0.0225635032133513,35.47,-97.51,38.2,-84.86
0.0225212268422342,44.37,-100.34,39.04,-95.69
0.0225130487310785,42.67,-73.8,40.82,-96.69
0.0223062840621917,44.92,-123.02,32.35,-86.28
0.022144041016089,41.58,-93.62,38.91,-77.02
0.022144041016089,37.53,-77.47,39.04,-95.69
0.0220606459052404,44.37,-100.34,44.92,-123.02
0.0220000793522257,44.92,-123.02,38.57,-92.19
0.0219937535243065,41.82,-71.42,41.58,-93.62
0.0218998707658998,40.78,-111.93,44.37,-100.34
0.021843017518844,46.6,-112.03,41.77,-72.68
0.0218116564025212,39.99,-82.99,44.32,-69.77
0.0217751820607109,39.15,-119.74,38.2,-84.86
0.0217366077789382,40.28,-76.88,44.32,-69.77
0.0214313050133946,39.78,-86.15,43.61,-116.23
0.0214135785410923,44.95,-93.1,30.46,-84.28
0.021090716268759,43.61,-116.23,30.46,-84.28
0.0210784884538726,44.92,-123.02,30.45,-91.13
0.0210033208893128,39.15,-119.74,46.6,-112.03
0.0209802771500566,43.08,-89.39,34.04,-80.89
0.0209614607579938,39.16,-75.53,32.35,-86.28
0.0209542326680772,40.28,-76.88,43.23,-71.56
0.0209301749956684,37.53,-77.47,41.82,-71.42
0.0208590141797035,40.82,-96.69,41.77,-72.68
0.0207854010579513,37.53,-77.47,43.23,-71.56
0.0207693673936467,40.28,-76.88,35.47,-97.51
0.0207585771136725,40.78,-111.93,42.34,-71.02
0.0206470484911719,44.92,-123.02,39.99,-82.99
0.0206361725375353,44.37,-100.34,33.54,-112.07
0.0205976969683191,42.67,-73.8,32.32,-90.21
0.0205845390783088,37.53,-77.47,35.47,-97.51
0.0205719568417083,46.6,-112.03,39.04,-95.69
0.0205372639752465,38.57,-92.19,41.77,-72.68
0.0204271190780741,46.6,-112.03,39.78,-89.64
0.0203589100567623,46.6,-112.03,39.78,-86.15
0.0201990885806235,34.04,-80.89,41.82,-71.42
0.0200774944316122,35.68,-105.95,42.71,-84.55
0.0200071841398283,40.22,-74.76,41.58,-93.62
0.0199903310721281,35.47,-97.51,39.15,-119.74
0.0199287786552788,35.47,-97.51,42.67,-73.8
0.0198148003087777,40.28,-76.88,34.72,-92.35
0.0197135267408418,41.58,-93.62,30.46,-84.28
0.0197104361782108,42.34,-71.02,38.2,-84.86
0.0196469643116704,40.78,-111.93,42.67,-73.8
0.0195445536544918,43.23,-71.56,39.16,-75.53
0.0195067936976632,35.82,-78.66,40.82,-96.69
0.0193858195916334,36.17,-86.78,46.6,-112.03
0.0193601710728456,41.15,-104.79,38.57,-92.19
0.0192891571486903,44.37,-100.34,34.72,-92.35
0.0192758999960108,42.34,-71.02,39.04,-95.69
0.0192720043007812,33.76,-84.42,39.16,-75.53
0.0190494498727934,39.78,-86.15,38.57,-121.47
0.018998788984477,39.04,-95.69,33.76,-84.42
0.0189077086477724,40.22,-74.76,39.78,-86.15
0.0189064947476281,44.92,-123.02,39.04,-95.69
0.0188294289991243,41.82,-71.42,39.04,-95.69
0.0187420485927949,43.08,-89.39,43.61,-116.23
0.0187225864447234,44.37,-100.34,30.45,-91.13
0.018672726028093,38.35,-81.63,38.57,-92.19
0.0186649593173251,35.47,-97.51,39.78,-89.64
0.0186404589221027,39.15,-119.74,34.72,-92.35
0.0185615052906656,38.35,-81.63,33.76,-84.42
0.0185459582707166,43.08,-89.39,38.57,-121.47
0.0185410540948848,44.32,-69.77,30.45,-91.13
0.0185364365909914,42.67,-73.8,35.68,-105.95
0.0185209615170448,35.47,-97.51,38.57,-121.47
0.0184545155117885,38.2,-84.86,38.57,-121.47
0.0183838715877004,32.32,-90.21,38.57,-121.47
0.0182297266780602,44.37,-100.34,35.47,-97.51
0.0180838674933266,39.99,-82.99,35.68,-105.95
0.0180498344915986,32.32,-90.21,42.34,-71.02
0.0180200684234102,40.78,-111.93,32.32,-90.21
0.0180015625765056,40.82,-96.69,44.32,-69.77
0.0179931633871546,46.81,-100.77,42.71,-84.55
0.017943976003964,43.08,-89.39,46.6,-112.03
0.0179047005434902,43.08,-89.39,38.91,-77.02
0.0178261236191922,38.35,-81.63,34.72,-92.35
0.0176417326284429,44.32,-69.77,39.77,-104.87
0.0176240260744298,43.08,-89.39,47.04,-122.89
0.017617107094344,44.37,-100.34,38.2,-84.86
0.0176122970940452,42.67,-73.8,38.2,-84.86
0.0176016282755088,35.47,-97.51,38.91,-77.02
0.0175663500527344,44.92,-123.02,30.46,-84.28
0.0175345010904631,40.28,-76.88,39.04,-95.69
0.0175136970739326,39.99,-82.99,39.16,-75.53
0.0174962161535843,40.82,-96.69,38.91,-77.02
0.0174831283469615,40.22,-74.76,38.2,-84.86
0.017435434301226,40.82,-96.69,30.46,-84.28
0.0173998818110559,35.68,-105.95,33.76,-84.42
0.0173646772916478,40.78,-111.93,32.35,-86.28
0.0173619131448531,42.71,-84.55,39.04,-95.69
0.0172912666425374,46.81,-100.77,34.72,-92.35
0.0172579590498823,41.58,-93.62,38.57,-121.47
0.017172688277122,44.32,-69.77,39.78,-86.15
0.0170650651014273,41.15,-104.79,39.78,-86.15
0.0170561023571513,47.04,-122.89,38.2,-84.86
0.0170137748544727,40.82,-96.69,38.57,-121.47
0.016860618469544,34.04,-80.89,39.04,-95.69
0.0167002706289125,40.28,-76.88,46.6,-112.03
0.0165955233693466,42.67,-73.8,43.23,-71.56
0.0165672033635968,44.92,-123.02,35.82,-78.66
0.0165628550162573,41.58,-93.62,39.16,-75.53
0.016536812791389,38.35,-81.63,46.81,-100.77
0.01644441561707,35.47,-97.51,33.76,-84.42
0.0162005744536713,44.37,-100.34,38.57,-92.19
0.0160118945502373,41.82,-71.42,39.78,-86.15
0.0160025302013812,39.04,-95.69,30.46,-84.28
0.0159558722766012,34.04,-80.89,35.47,-97.51
0.0159475556259642,46.6,-112.03,32.32,-90.21
0.0159354741444294,46.6,-112.03,32.35,-86.28
0.0158633679265813,44.32,-69.77,39.16,-75.53
0.0158403293092924,44.32,-69.77,38.91,-77.02
0.0157741476345308,41.82,-71.42,32.35,-86.28
0.0157646900027331,40.78,-111.93,35.82,-78.66
0.0157485594239931,42.34,-71.02,43.61,-116.23
0.0157034907582283,41.82,-71.42,32.32,-90.21
0.0156859253323242,44.26,-72.57,39.16,-75.53
0.0156771573472307,41.77,-72.68,34.72,-92.35
0.0156771573472307,40.22,-74.76,40.82,-96.69
0.0156742368633731,44.32,-69.77,39.04,-95.69
0.0156692328503275,38.57,-121.47,34.72,-92.35
0.0156640237331448,42.71,-84.55,39.16,-75.53
0.0155680464741479,43.08,-89.39,40.22,-74.76
0.0155640590977779,46.6,-112.03,38.57,-92.19
0.015333102269554,44.92,-123.02,35.47,-97.51
0.0152924942716443,41.82,-71.42,30.46,-84.28
0.0152426274424977,42.71,-84.55,43.61,-116.23
0.0151848589573339,32.32,-90.21,44.95,-93.1
0.0151405930113343,43.08,-89.39,41.77,-72.68
0.0150579108344355,38.35,-81.63,39.77,-104.87
0.0150383026778529,39.78,-86.15,39.16,-75.53
0.0149860723987153,46.81,-100.77,39.04,-95.69
0.0148813766329302,46.81,-100.77,39.16,-75.53
0.0148551030159935,41.15,-104.79,39.04,-95.69
0.014828399330758,41.15,-104.79,39.78,-89.64
0.0147612813127346,38.2,-84.86,39.16,-75.53
0.0147254365002012,44.92,-123.02,33.76,-84.42
0.0147148134806903,44.37,-100.34,39.16,-75.53
0.0146513958439053,38.35,-81.63,33.54,-112.07
0.0146498304495063,34.04,-80.89,38.57,-121.47
0.0146058274764357,46.6,-112.03,38.57,-121.47
0.0145847293261548,37.53,-77.47,46.6,-112.03
0.0145816962120181,38.35,-81.63,39.78,-89.64
0.0145709121203266,44.26,-72.57,42.67,-73.8
0.014486794676754,35.47,-97.51,40.22,-74.76
0.0144086485970695,35.47,-97.51,44.32,-69.77
0.0144049483791452,47.04,-122.89,35.47,-97.51
0.0144038915230646,35.68,-105.95,30.46,-84.28
0.0143735730911957,39.15,-119.74,32.32,-90.21
0.0143460022988213,43.23,-71.56,38.91,-77.02
0.0142786463654124,47.04,-122.89,34.72,-92.35
0.0142657347376377,44.32,-69.77,43.61,-116.23
0.0142398666467955,46.81,-100.77,33.76,-84.42
0.0139403090930183,41.15,-104.79,30.31,-97.75
0.0138706402048446,39.04,-95.69,41.77,-72.68
0.0138402187985394,47.04,-122.89,32.32,-90.21
0.013694548092869,38.35,-81.63,39.04,-95.69
0.013694548092869,41.15,-104.79,47.04,-122.89
0.0136811875581442,44.26,-72.57,38.98,-76.49
0.0136463675583705,47.04,-122.89,42.71,-84.55
0.0136306544003673,38.57,-92.19,44.32,-69.77
0.0135883888053274,41.82,-71.42,39.16,-75.53
0.013449914635749,35.68,-105.95,42.34,-71.02
0.013449377155145,43.08,-89.39,38.35,-81.63
0.0133830608370585,35.82,-78.66,43.61,-116.23
0.0133448538433921,38.35,-81.63,40.22,-74.76
0.0132795617870245,44.37,-100.34,32.35,-86.28
0.0132252913364645,46.81,-100.77,44.32,-69.77
0.0131565307818439,47.04,-122.89,39.04,-95.69
0.0131303532276197,44.32,-69.77,38.2,-84.86
0.0130327297835482,30.45,-91.13,39.16,-75.53
0.0129559692778361,41.82,-71.42,39.99,-82.99
0.0129484923795917,43.08,-89.39,35.47,-97.51
0.0129246241908736,35.47,-97.51,46.6,-112.03
0.0128966563808852,39.04,-95.69,38.57,-121.47
0.0128916195325721,34.04,-80.89,39.15,-119.74
0.0128089306239476,44.37,-100.34,42.67,-73.8
0.0128019145947579,34.04,-80.89,40.82,-96.69
0.0127754788160624,41.82,-71.42,34.72,-92.35
0.0127425872304387,41.15,-104.79,34.72,-92.35
0.0127071224245547,39.99,-82.99,46.6,-112.03
0.012670055337096,37.53,-77.47,44.26,-72.57
0.012563998557492,41.82,-71.42,42.71,-84.55
0.0125543574280196,44.37,-100.34,42.71,-84.55
0.0125364001851402,37.53,-77.47,44.37,-100.34
0.0125132813031807,36.17,-86.78,41.82,-71.42
0.0124495891753354,41.15,-104.79,36.17,-86.78
0.0124099267673432,46.6,-112.03,39.16,-75.53
0.0123989542414658,41.82,-71.42,43.61,-116.23
0.0123880011016765,38.35,-81.63,39.16,-75.53
0.0123140298973462,42.67,-73.8,43.61,-116.23
0.0122313277340583,46.6,-112.03,42.71,-84.55
0.0121334347800976,34.04,-80.89,46.6,-112.03
0.0121233198381728,40.22,-74.76,32.32,-90.21
0.0121161372447709,44.92,-123.02,32.32,-90.21
0.0121116026317241,41.82,-71.42,39.15,-119.74
0.0121098594534524,44.92,-123.02,44.32,-69.77
0.0120837718630744,43.23,-71.56,38.98,-76.49
0.0120238266449884,44.26,-72.57,40.28,-76.88
0.0120199004975124,41.82,-71.42,38.2,-84.86
0.0119305914982966,40.78,-111.93,34.04,-80.89
0.0116124687372456,42.67,-73.8,34.72,-92.35
0.011541742590204,36.17,-86.78,39.16,-75.53
0.0114366322526284,44.37,-100.34,42.34,-71.02
0.0114262042520876,41.82,-71.42,33.54,-112.07
0.011391728064255,44.37,-100.34,32.32,-90.21
0.0113884240071564,42.67,-73.8,44.32,-69.77
0.0113824815317353,41.82,-71.42,44.92,-123.02
0.0112893202042918,41.82,-71.42,39.77,-104.87
0.0112051276445049,43.08,-89.39,40.78,-111.93
0.0111917136848347,35.47,-97.51,41.77,-72.68
0.0111872494990808,44.92,-123.02,42.71,-84.55
0.011164981884632,38.35,-81.63,42.34,-71.02
0.0111457548658878,44.37,-100.34,39.99,-82.99
0.0109564166288853,40.78,-111.93,30.46,-84.28
0.0109325775684867,38.35,-81.63,30.46,-84.28
0.0109300212370209,46.6,-112.03,38.2,-84.86
0.0108312483564516,40.82,-96.69,33.76,-84.42
0.0108259525839664,34.04,-80.89,44.92,-123.02
0.0107647326683794,41.82,-71.42,33.76,-84.42
0.0107639063916932,41.82,-71.42,35.82,-78.66
0.0106478490866347,41.82,-71.42,40.82,-96.69
0.0106317037506428,41.82,-71.42,39.78,-89.64
0.0105942210378478,39.16,-75.53,33.54,-112.07
0.0105664715532492,35.47,-97.51,42.71,-84.55
0.0105532941353837,44.26,-72.57,42.71,-84.55
0.0105066436256071,40.78,-111.93,33.76,-84.42
0.0103921870809974,35.47,-97.51,38.98,-76.49
0.0103691343146243,39.04,-95.69,38.91,-77.02
0.0103441484488059,40.78,-111.93,42.71,-84.55
0.0103051273126821,39.16,-75.53,39.77,-104.87
0.0102434019335996,40.78,-111.93,44.32,-69.77
0.0102309464351395,44.37,-100.34,40.28,-76.88
0.010170595624527,43.08,-89.39,44.32,-69.77
0.0101676459158192,46.81,-100.77,35.82,-78.66
0.0101421532645356,44.32,-69.77,33.54,-112.07
0.0101360442696768,42.67,-73.8,46.6,-112.03
0.0101128970531956,44.37,-100.34,38.98,-76.49
0.00991273603706257,41.15,-104.79,32.35,-86.28
0.00960987990207151,44.37,-100.34,39.15,-119.74
0.00959180386258402,32.32,-90.21,39.16,-75.53
0.00958743202855368,44.95,-93.1,44.32,-69.77
0.00958743202855368,44.26,-72.57,34.04,-80.89
0.00944960730936512,46.6,-112.03,44.32,-69.77
0.00932518768925246,42.71,-84.55,44.32,-69.77
0.00930538636171058,46.6,-112.03,42.34,-71.02
0.00919856821718455,41.15,-104.79,43.08,-89.39
0.00919555229317891,46.81,-100.77,32.35,-86.28
0.00912524304349949,41.15,-104.79,40.22,-74.76
0.00908680851909791,46.6,-112.03,30.45,-91.13
0.00904650737656502,35.82,-78.66,43.23,-71.56
0.00896739816287111,40.22,-74.76,34.72,-92.35
0.00894623109862701,43.08,-89.39,44.92,-123.02
0.00889656922892805,40.22,-74.76,46.6,-112.03
0.00883789688752002,47.04,-122.89,34.04,-80.89
0.00874810807679217,44.37,-100.34,41.82,-71.42
0.00860848204241734,38.35,-81.63,35.47,-97.51
0.00855595927217684,30.46,-84.28,39.16,-75.53
0.00843121433765089,39.15,-119.74,44.32,-69.77
0.00798134163181437,44.26,-72.57,44.95,-93.1
0.00797907097985653,39.16,-75.53,38.57,-121.47
0.00793954267351612,43.08,-89.39,35.68,-105.95
0.00789151223809671,41.82,-71.42,30.45,-91.13
0.00787821193657182,41.82,-71.42,46.6,-112.03
0.00786936994786636,38.35,-81.63,41.82,-71.42
0.00780042678186502,43.08,-89.39,41.82,-71.42
0.00762338529333941,44.37,-100.34,41.77,-72.68
0.00747506249845301,38.35,-81.63,44.95,-93.1
0.00747392422184292,43.23,-71.56,30.46,-84.28
0.00727269849968771,38.35,-81.63,30.31,-97.75
0.00706459307158582,40.82,-96.69,39.16,-75.53
0.00701687127700668,38.35,-81.63,44.92,-123.02
0.0069906367134087,43.23,-71.56,40.82,-96.69
0.00698193539810697,39.99,-82.99,43.23,-71.56
0.00695596093606044,46.6,-112.03,33.76,-84.42
0.00695078921789236,44.95,-93.1,39.16,-75.53
0.0069148014038944,43.23,-71.56,44.95,-93.1
0.00689892616288841,36.17,-86.78,43.23,-71.56
0.00680325882212145,41.15,-104.79,40.28,-76.88
0.00678761725416159,47.04,-122.89,41.82,-71.42
0.00667772249861802,39.15,-119.74,39.16,-75.53
0.00665343219062052,34.04,-80.89,46.81,-100.77
0.00654755094996981,41.15,-104.79,38.57,-121.47
0.00648697455630755,38.35,-81.63,38.57,-121.47
0.00646529149243792,46.81,-100.77,32.32,-90.21
0.00643070188647104,43.08,-89.39,39.16,-75.53
0.0063357909248936,30.31,-97.75,44.32,-69.77
0.00616224575088524,43.23,-71.56,39.77,-104.87
0.0061549206110047,41.82,-71.42,38.57,-121.47
0.00611566386702915,35.68,-105.95,44.32,-69.77
0.00607591735142887,44.26,-72.57,46.81,-100.77
0.00601338646959599,39.04,-95.69,39.16,-75.53
0.00598643212256045,41.82,-71.42,44.95,-93.1
0.00597686403712215,44.26,-72.57,39.78,-89.64
0.00595592153200163,43.23,-71.56,32.35,-86.28
0.0059303145956151,47.04,-122.89,44.26,-72.57
0.00588222199962158,44.37,-100.34,33.76,-84.42
0.00587975565916052,40.78,-111.93,39.16,-75.53
0.00587206165803626,30.31,-97.75,44.37,-100.34
0.00585154068312032,38.57,-92.19,39.16,-75.53
0.00582843609605064,40.78,-111.93,43.23,-71.56
0.00581815879975017,30.31,-97.75,46.6,-112.03
0.00573513208282805,44.37,-100.34,38.57,-121.47
0.00570126734534402,41.15,-104.79,42.34,-71.02
0.00568777823853086,34.04,-80.89,43.23,-71.56
0.00566251453547258,39.78,-89.64,39.16,-75.53
0.00565315538462382,43.23,-71.56,33.76,-84.42
0.00560331003480201,40.22,-74.76,39.04,-95.69
0.00552457672242857,47.04,-122.89,39.16,-75.53
0.00550938341295096,47.04,-122.89,43.23,-71.56
0.00547140743156373,43.23,-71.56,41.58,-93.62
0.00546501061851046,46.6,-112.03,30.46,-84.28
0.00541646089111543,41.82,-71.42,35.68,-105.95
0.00527916322515918,47.04,-122.89,44.32,-69.77
0.00515275298441956,41.82,-71.42,38.57,-92.19
0.00506558118498417,38.35,-81.63,42.67,-73.8
0.0050470459770012,44.26,-72.57,36.17,-86.78
0.00492042710424486,46.81,-100.77,43.23,-71.56
0.00490579578348709,44.92,-123.02,38.2,-84.86
0.00488103628510193,43.23,-71.56,38.2,-84.86
0.00485520430951058,30.31,-97.75,41.82,-71.42
0.00485232430695427,44.26,-72.57,39.15,-119.74
0.00476008732080714,43.23,-71.56,32.32,-90.21
0.00466119901848025,41.15,-104.79,30.45,-91.13
0.0046604244756058,38.35,-81.63,39.15,-119.74
0.00463615745006954,35.82,-78.66,46.6,-112.03
0.00462049991667145,40.78,-111.93,41.82,-71.42
0.00461973883943266,44.26,-72.57,40.22,-74.76
0.00457527479513796,44.37,-100.34,40.22,-74.76
0.00443632307722172,43.23,-71.56,39.15,-119.74
0.0044328172110314,44.37,-100.34,30.46,-84.28
0.00436588332724092,44.26,-72.57,39.78,-86.15
0.00432748564946701,43.23,-71.56,30.45,-91.13
0.00417047353073542,41.15,-104.79,42.71,-84.55
0.00409995631432546,44.32,-69.77,39.78,-89.64
0.00403081840962858,41.82,-71.42,46.81,-100.77
0.00395912401103835,35.47,-97.51,39.16,-75.53
0.00390967359403865,44.32,-69.77,38.57,-121.47
0.00390129844125688,43.23,-71.56,42.71,-84.55
0.00382468764410142,38.35,-81.63,47.04,-122.89
0.00379108333254875,41.15,-104.79,41.77,-72.68
0.00374251861411739,44.26,-72.57,39.99,-82.99
0.00372957905507921,44.26,-72.57,44.92,-123.02
0.00354599222364241,44.26,-72.57,35.82,-78.66
0.00352844516827087,44.37,-100.34,35.82,-78.66
0.00352283132986883,41.15,-104.79,35.82,-78.66
0.00336449550074324,44.26,-72.57,32.35,-86.28
0.00335403426144412,41.15,-104.79,38.98,-76.49
0.00333992154186198,44.26,-72.57,30.46,-84.28
0.00328182009059159,44.26,-72.57,38.57,-92.19
0.00327568728033119,44.92,-123.02,39.16,-75.53
0.00318673270016995,43.23,-71.56,38.57,-121.47
0.00315199308768214,44.37,-100.34,34.04,-80.89
0.00282469881097751,43.23,-71.56,39.78,-89.64
0.0026319852190499,44.26,-72.57,38.91,-77.02
0.00260315894692739,44.37,-100.34,38.91,-77.02
0.00259400984962964,41.15,-104.79,38.91,-77.02
0.00252034817525123,46.6,-112.03,38.91,-77.02
0.00249701161807298,41.15,-104.79,37.53,-77.47
0.00246583739178791,44.26,-72.57,38.57,-121.47
0.00232827780957959,43.08,-89.39,44.26,-72.57
0.00223051013950976,44.26,-72.57,39.77,-104.87
0.00214948149097147,30.31,-97.75,39.16,-75.53
0.00188839445826796,44.26,-72.57,33.54,-112.07
0.00185173870950718,41.15,-104.79,39.99,-82.99
0.00175994192358156,43.23,-71.56,33.54,-112.07
0.00170453594835272,41.15,-104.79,42.67,-73.8
0.00143137871257506,30.31,-97.75,43.23,-71.56
0.00118189778736602,44.26,-72.57,33.76,-84.42
0.001174178786494,41.15,-104.79,33.76,-84.42
0.00110628094407525,41.15,-104.79,30.46,-84.28
0.000736010982370117,44.26,-72.57,30.31,-97.75
